USE GD2C2019
GO

-- Verifico si existe el schema, si no existe lo creo

IF NOT EXISTS (SELECT * FROM sys.schemas WHERE name = N'GESTION_BDD_2C_2019')
	BEGIN
		EXEC sys.sp_executesql N'CREATE SCHEMA [GESTION_BDD_2C_2019] AUTHORIZATION [gdCupon2019]'
		--PRINT 'Schema correctamente creado'
	END
GO

IF(OBJECT_ID('SP_crear_tablas') IS NOT NULL)
	DROP PROCEDURE SP_crear_tablas
IF(OBJECT_ID('SP_CREATE_ROL') IS NOT NULL)
	DROP PROCEDURE SP_CREATE_ROL
IF(OBJECT_ID('SP_CREATE_ROL_FUNCIONALIDAD') IS NOT NULL)
	DROP PROCEDURE SP_CREATE_ROL_FUNCIONALIDAD
IF(OBJECT_ID('SP_GET_USER') IS NOT NULL)
	DROP PROCEDURE SP_GET_USER
IF(OBJECT_ID('SP_SAVE_USER') IS NOT NULL)
	DROP PROCEDURE SP_SAVE_USER
IF(OBJECT_ID('SP_UPDATE_USER') IS NOT NULL)
	DROP PROCEDURE SP_UPDATE_USER
IF(OBJECT_ID('SP_GET_FUNCTIONALITY_BY_USER') IS NOT NULL)
	DROP PROCEDURE SP_GET_FUNCTIONALITY_BY_USER
IF(OBJECT_ID('SP_DELETE_ROL_FUNCIONALIDAD') IS NOT NULL)
	DROP PROCEDURE SP_DELETE_ROL_FUNCIONALIDAD
IF(OBJECT_ID('SP_UPDATE_ROL') IS NOT NULL)
	DROP PROCEDURE SP_UPDATE_ROL

GO
CREATE PROCEDURE SP_CREAR_TABLAS
AS

	BEGIN
		
	IF EXISTS (SELECT * FROM sys.objects WHERE object_id = OBJECT_ID(N'GESTION_BDD_2C_2019.Rol_Funcionalidad'))
		DROP TABLE GESTION_BDD_2C_2019.Rol_Funcionalidad
	IF EXISTS (SELECT * FROM sys.objects WHERE object_id = OBJECT_ID(N'GESTION_BDD_2C_2019.Funcionalidad'))
		DROP TABLE GESTION_BDD_2C_2019.Funcionalidad
	IF EXISTS (SELECT * FROM sys.objects WHERE object_id = OBJECT_ID(N'GESTION_BDD_2C_2019.ROL_USUARIO'))
		DROP TABLE GESTION_BDD_2C_2019.ROL_USUARIO
	IF EXISTS (SELECT * FROM sys.objects WHERE object_id = OBJECT_ID(N'GESTION_BDD_2C_2019.COMPRAS'))
		DROP TABLE GESTION_BDD_2C_2019.COMPRAS
	IF EXISTS (SELECT * FROM sys.objects WHERE object_id = OBJECT_ID(N'GESTION_BDD_2C_2019.OFERTA'))
		DROP TABLE GESTION_BDD_2C_2019.OFERTA
	IF EXISTS (SELECT * FROM sys.objects WHERE object_id = OBJECT_ID(N'GESTION_BDD_2C_2019.FACTURA'))
		DROP TABLE GESTION_BDD_2C_2019.FACTURA
	IF EXISTS (SELECT * FROM sys.objects WHERE object_id = OBJECT_ID(N'GESTION_BDD_2C_2019.PROVEEDOR'))
		DROP TABLE GESTION_BDD_2C_2019.PROVEEDOR
	IF EXISTS (SELECT * FROM sys.objects WHERE object_id = OBJECT_ID(N'GESTION_BDD_2C_2019.RUBRO'))
		DROP TABLE GESTION_BDD_2C_2019.RUBRO
	IF EXISTS (SELECT * FROM sys.objects WHERE object_id = OBJECT_ID(N'GESTION_BDD_2C_2019.CARGA_SALDO'))
		DROP TABLE GESTION_BDD_2C_2019.CARGA_SALDO
	IF EXISTS (SELECT * FROM sys.objects WHERE object_id = OBJECT_ID(N'GESTION_BDD_2C_2019.Rol'))
		DROP TABLE GESTION_BDD_2C_2019.Rol
	IF EXISTS (SELECT * FROM sys.objects WHERE object_id = OBJECT_ID(N'GESTION_BDD_2C_2019.DIRECCION'))
		DROP TABLE GESTION_BDD_2C_2019.DIRECCION

	IF EXISTS (SELECT * FROM sys.objects WHERE object_id = OBJECT_ID(N'GESTION_BDD_2C_2019.CIUDAD'))
		DROP TABLE GESTION_BDD_2C_2019.CIUDAD
	IF EXISTS (SELECT * FROM sys.objects WHERE object_id = OBJECT_ID(N'GESTION_BDD_2C_2019.CODIGO_POSTAL'))
		DROP TABLE GESTION_BDD_2C_2019.CODIGO_POSTAL

	IF EXISTS (SELECT * FROM sys.objects WHERE object_id = OBJECT_ID(N'GESTION_BDD_2C_2019.CLIENTE'))
		DROP TABLE GESTION_BDD_2C_2019.CLIENTE
	IF EXISTS (SELECT * FROM sys.objects WHERE object_id = OBJECT_ID(N'GESTION_BDD_2C_2019.USUARIO'))
		DROP TABLE GESTION_BDD_2C_2019.USUARIO


	CREATE TABLE GESTION_BDD_2C_2019.ROL (
		id INT IDENTITY(1,1) NOT NULL PRIMARY KEY,
		nombre VARCHAR(50) NOT NULL,
		estado BIT DEFAULT(1)
		);

	CREATE TABLE GESTION_BDD_2C_2019.FUNCIONALIDAD (
			id INT NOT NULL PRIMARY KEY,
			nombre VARCHAR(50) NOT NULL
		);

	CREATE TABLE GESTION_BDD_2C_2019.ROL_FUNCIONALIDAD (
		rol_id INT NOT NULL FOREIGN KEY REFERENCES GESTION_BDD_2C_2019.ROL(id),
		funcionalidad_id INT NOT NULL FOREIGN KEY REFERENCES GESTION_BDD_2C_2019.FUNCIONALIDAD(id)
		);

	CREATE TABLE GESTION_BDD_2C_2019.USUARIO (
			username VARCHAR(40) NOT NULL PRIMARY KEY,
			tipo INT,
			pass VARCHAR(40) NOT NULL,
			habilitado BIT DEFAULT(1),
			intentos INT DEFAULT(0)
		);

	CREATE TABLE GESTION_BDD_2C_2019.CIUDAD(
		ID INT IDENTITY NOT NULL PRIMARY KEY,
		CIUDAD_NOMBRE NVARCHAR(255)
		)
	CREATE TABLE GESTION_BDD_2C_2019.CODIGO_POSTAL(
		ID INT IDENTITY NOT NULL PRIMARY KEY, 
		DESCRIPCION NVARCHAR (255),
		)

	CREATE TABLE GESTION_BDD_2C_2019.DIRECCION (
		id INT IDENTITY NOT NULL PRIMARY KEY,
		CALLE NVARCHAR(255),
		NUMERO NUMERIC (10),
		DPTO NUMERIC (4),
		LOCALIDAD NVARCHAR(255),
		CIUDAD INT FOREIGN KEY REFERENCES GESTION_BDD_2C_2019.CIUDAD(ID), --FK CIUDAD
		CODIGO_POSTAL INT FOREIGN KEY REFERENCES GESTION_BDD_2C_2019.CODIGO_POSTAL(ID), --FK CODIGO_POSTAL
		)
	


	CREATE TABLE GESTION_BDD_2C_2019.ROL_USUARIO (
		rol_id INT NOT NULL FOREIGN KEY REFERENCES GESTION_BDD_2C_2019.ROL(id),
		username VARCHAR(40) NOT NULL FOREIGN KEY REFERENCES GESTION_BDD_2C_2019.USUARIO(username)
		);

		CREATE TABLE GESTION_BDD_2C_2019.CLIENTE (
		ID NUMERIC(18,0) IDENTITY  NOT NULL PRIMARY KEY,
		DNI NUMERIC(18) NOT NULL,
		NOMBRE NVARCHAR(255),
		APELLIDO NVARCHAR(255),
		MAIL NVARCHAR(255),
		TELEFONO NUMERIC(18),
		DIRECCION INT, --FK DIRECCION
		FNANCIAMIENTO DATETIME, 
		USUARIO VARCHAR(40) NOT NULL FOREIGN KEY REFERENCES GESTION_BDD_2C_2019.USUARIO(username), --FK USUARIO
		SALDO DECIMAL(18,2)
		)
		

		CREATE TABLE GESTION_BDD_2C_2019.RUBRO(
		ID INT NOT NULL PRIMARY KEY,
		DESCRIPCION NVARCHAR(255), 
		)


	CREATE TABLE GESTION_BDD_2C_2019.PROVEEDOR (
		ID NUMERIC(18,0) IDENTITY NOT NULL PRIMARY KEY, 
		CUIT NUMERIC(11,0) UNIQUE NOT NULL,
		RAZON_SOCIAL NVARCHAR(255) UNIQUE,
		MAIL NVARCHAR(255),
		TELEFONO NUMERIC(18),
		DIRECCION INT FOREIGN KEY REFERENCES GESTION_BDD_2C_2019.DIRECCION(ID),  --FK DIRECCION
		RUBRO INT FOREIGN KEY REFERENCES GESTION_BDD_2C_2019.RUBRO(ID), --FK RUBRO
		CONTACTO NVARCHAR(255),
		USUARIO VARCHAR(40) NOT NULL FOREIGN KEY REFERENCES GESTION_BDD_2C_2019.USUARIO(username),--FK USUARIO

		)
	CREATE TABLE GESTION_BDD_2C_2019.CARGA_SALDO(
		ID INT IDENTITY NOT NULL PRIMARY KEY,
		CLIENTE_ID NUMERIC(18) FOREIGN KEY REFERENCES GESTION_BDD_2C_2019.CLIENTE(ID),
		FECHA DATETIME,
		MONTO DECIMAL (18,2),
		TIPO VARCHAR(15)
			 CHECK( TIPO IN('DEBITO','CREDITO') ), --Enum de tipos
		TARJETA_NRO INT,
		TARJETA_NOMBRE NVARCHAR (255),
		TARJETA_VENC DATETIME,
		TARJETA_COD_SEG INT
		)
	CREATE TABLE GESTION_BDD_2C_2019.OFERTA(
		ID NVARCHAR(50) NOT NULL PRIMARY KEY,
		PROV_ID  NUMERIC(18,0) FOREIGN KEY REFERENCES GESTION_BDD_2C_2019.PROVEEDOR(ID),
		PRECIO DECIMAL(18,2),
		PRECIO_LISTO DECIMAL(18,2),
		STOCK_DISPONIBLE NUMERIC(18,0),
		DESCRIPCION NVARCHAR(255),
		FECHA_PUBLIC DATETIME,
		FECHA_VENC DATETIME,
		MAX_X_COMPRA NUMERIC(18,0),
		)

	CREATE TABLE GESTION_BDD_2C_2019.FACTURA (
		ID INT NOT NULL PRIMARY KEY,
		FECHA DATETIME,
		PROV_ID NUMERIC (18,0) FOREIGN KEY REFERENCES GESTION_BDD_2C_2019.PROVEEDOR(ID),
		PERIODO_INICIO DATETIME,
		PERIODO_FIN DATETIME,
		)
		
	CREATE TABLE GESTION_BDD_2C_2019.COMPRAS(
		ID INT IDENTITY NOT NULL PRIMARY KEY,
		OFERTA_ID NVARCHAR(50)FOREIGN KEY REFERENCES GESTION_BDD_2C_2019.OFERTA(ID),
		CLIENTE_ID NUMERIC(18,0) FOREIGN KEY REFERENCES GESTION_BDD_2C_2019.CLIENTE(ID),
		FECHA DATETIME,
		CUPON DECIMAL(18,2),
		FECHA_CONSUMO DATETIME,
		FACTURA_ID INT FOREIGN KEY REFERENCES GESTION_BDD_2C_2019.FACTURA(ID),

		) 

		END

GO
		EXEC DBO.SP_CREAR_TABLAS





GO

		CREATE PROCEDURE SP_CREATE_ROL
		(@nombre VARCHAR(50))

		AS
		BEGIN
		INSERT INTO GESTION_BDD_2C_2019.ROL(nombre)
		OUTPUT inserted.id
		VALUES (@nombre);
		END
		GO
		CREATE PROCEDURE SP_CREATE_ROL_FUNCIONALIDAD
		(
			@rol_id INT,
			@funcionalidad_id INT
		)

		AS
		BEGIN
		INSERT INTO GESTION_BDD_2C_2019.ROL_FUNCIONALIDAD(rol_id, funcionalidad_id)
		VALUES (@rol_id, @funcionalidad_id);
		END


		GO
		
		
		CREATE PROCEDURE SP_GET_FUNCTIONALITY_BY_USER
		(@username VARCHAR(40))
		AS
		BEGIN
		select f.id, f.nombre from GESTION_BDD_2C_2019.ROL_USUARIO ru 
		join GESTION_BDD_2C_2019.ROL r ON ru.rol_id = r.id
		join GESTION_BDD_2C_2019.ROL_FUNCIONALIDAD rf ON rf.rol_id = r.id
		join GESTION_BDD_2C_2019.FUNCIONALIDAD f ON f.id = rf.funcionalidad_id
		where ru.username like @username;


		select * from GESTION_BDD_2C_2019.ROL_FUNCIONALIDAD;
		select * from GESTION_BDD_2C_2019.ROL_USUARIO;
		select * from GESTION_BDD_2C_2019.ROL;
		END
		GO
		
		
		CREATE PROCEDURE SP_GET_USER
		(@username VARCHAR(40))
		AS
		BEGIN
		select * from GESTION_BDD_2C_2019.USUARIO where username like @username;
		END

		GO

		CREATE PROCEDURE SP_SAVE_USER
		(@username VARCHAR(40),
		 @pass VARCHAR(40),
		 @habilitado BIT,
		 @tipo INT,
		 @intentos INT
		)
		AS
		BEGIN
		insert into GESTION_BDD_2C_2019.USUARIO (username, pass, habilitado, tipo, intentos) 
		values (@username, @pass, @habilitado, @tipo, @intentos);
		END


		GO

		CREATE PROCEDURE SP_UPDATE_USER
		(@username VARCHAR(40),
		 @pass VARCHAR(40),
		 @habilitado BIT,
		 @tipo INT,
		 @intentos INT
		)
		AS
		BEGIN
		UPDATE GESTION_BDD_2C_2019.USUARIO 
		SET
		username = @username,
		pass = @pass,
		habilitado = @habilitado,
		tipo = @tipo,
		intentos = @intentos

		where username like @username;
		END

		GO

		CREATE PROCEDURE SP_DELETE_ROL_FUNCIONALIDAD
		(@rol_id INT)

		AS
		BEGIN
		DELETE FROM GESTION_BDD_2C_2019.ROL_FUNCIONALIDAD 
		WHERE rol_id = @rol_id; 
		END

		GO

		CREATE PROCEDURE SP_UPDATE_ROL
		(@id INT,
		 @nombre VARCHAR(50),
		 @estado INT
		)

		AS
		BEGIN
		UPDATE GESTION_BDD_2C_2019.ROL 
		SET
			nombre = @nombre,
			estado = @estado
		WHERE id = @id; 
		END

		GO

		/******SP delete rol ***********/
		CREATE PROCEDURE SP_DELETE_ROL	
		(@rol_id INT)
		AS
		BEGIN
			delete from GESTION_BDD_2C_2019.ROL_USUARIO where rol_id = @rol_id;
			delete from GESTION_BDD_2C_2019.ROL_FUNCIONALIDAD where rol_id = @rol_id
			delete from GESTION_BDD_2C_2019.ROL where id = @rol_id
		END
		GO

		/****SP funcionalidad por rol id******/
		create procedure SP_GET_FUNCIONALIDAD_BY_ROL_ID
		(@rol_id INT)
		AS
		BEGIN
			select f.id, f.nombre from GESTION_BDD_2C_2019.ROL_FUNCIONALIDAD rf
			join GESTION_BDD_2C_2019.FUNCIONALIDAD f ON f.id = rf.funcionalidad_id
			where rf.rol_id like @rol_id
		END
		GO

		/**Cracion de datos***/

		/* DATOS FUNCIONALIDAD */
		INSERT INTO GESTION_BDD_2C_2019.FUNCIONALIDAD (id, nombre) 
		VALUES	(1, 'Login y seguridad'),
				(2, 'ABM de Rol'),
				(3, 'Registro de Usuario'),
				(4, 'ABM de Cliente'),
				(5, 'ABM de Proveedor'),
				(6, 'Cargar Credito'),
				(7, 'Comprar Oferta'),
				(8, 'Confeccion y publicacion de Ofertas'),
				(9, 'Facturacion a Proveedor'),
				(10, 'Listado Estadistico');

		/* DATOS ROL */
		INSERT INTO GESTION_BDD_2C_2019.ROL(nombre) 
		VALUES	('Proveedor'),
				('Administrativo'),
				('Cliente');

		/* DATOS ROL_FUNCION le doy todo el poder al administrativo */
		INSERT INTO GESTION_BDD_2C_2019.ROL_FUNCIONALIDAD(rol_id, funcionalidad_id) 
		VALUES	(2, 1),
				(2, 2),
				(2, 3),
				(2, 4),
				(2, 5),
				(2, 6),
				(2, 7),
				(2, 8),
				(2, 9),
				(2, 10); 

		/* DATOS USUARIO */
		INSERT INTO GESTION_BDD_2C_2019.USUARIO(username, tipo, pass) 
		VALUES ('test', 1, 'asd123');

		/* DATOS EJEMPLO ROL_USUARIO*/
		INSERT INTO GESTION_BDD_2C_2019.ROL_USUARIO(rol_id, username) 
		VALUES	(1, 'test'),
				(2, 'test'),
				(3, 'test');



